{"init_params": {"cat_dims": [], "cat_emb_dim": [], "cat_idxs": [], "clip_value": 1, "device_name": "auto", "epsilon": 1e-15, "gamma": 1.7411037954173751, "grouped_features": [], "input_dim": 41, "lambda_sparse": 0.0005504627598522792, "mask_type": "entmax", "momentum": 0.02, "n_a": 15, "n_d": 15, "n_indep_decoder": 1, "n_independent": 2, "n_shared": 2, "n_shared_decoder": 1, "n_steps": 3, "optimizer_params": {"lr": 0.029819345890579656}, "output_dim": 2, "scheduler_fn": null, "scheduler_params": {}, "seed": 6037, "verbose": 1}, "class_attrs": {"preds_mapper": {"0": 0, "1": 1}}}